<?xml version="1.0" encoding="UTF-8" standalone="yes"?>
<addon id="plugin.program.jvwizard" name="WIZARD DE JV" version="1.0.1" provider-name="JAVITOOTH">
  <requires>
    <import addon="xbmc.python" version="2.1.0"/>
  </requires>
  <extension point="xbmc.python.pluginsource" library="default.py">
        <provides>executable</provides>
  </extension>
  <extension point="xbmc.addon.metadata">
    <summary lang="en">JVWIZARD</summary>
    <description lang="en">Addon instalador para Build DE JV
</description>
    <platform>all</platform>
  </extension>
</addon>
